,filename,width,height,class,xmin,ymin,xmax,ymax
0,butterfly\image_0001.jpg0.jpg,300,198,image_0001.jpg,0.0,0.0,245.55106,165.18538
1,butterfly\image_0001.jpg1.jpg,300,198,image_0001.jpg,82.58113,50.699913,219.93451,143.7782
2,butterfly\image_0001.jpg2.jpg,300,198,image_0001.jpg,0.0,0.0,221.47525,152.6056
3,butterfly\image_0003.jpg0.jpg,300,192,image_0003.jpg,0.0,27.603783,296.3919,192.0
4,butterfly\image_0003.jpg1.jpg,300,192,image_0003.jpg,2.1560287,46.947,270.15604,192.0
5,butterfly\image_0003.jpg2.jpg,300,192,image_0003.jpg,0.0,0.0,300.0,192.0
6,butterfly\image_0004.jpg0.jpg,300,271,image_0004.jpg,0.0,0.0,300.0,271.0
7,butterfly\image_0004.jpg1.jpg,300,271,image_0004.jpg,87.77815,6.958775,300.0,261.95877
8,butterfly\image_0004.jpg2.jpg,300,271,image_0004.jpg,11.0,9.0,290.0,264.0
9,butterfly\image_0005.jpg0.jpg,300,278,image_0005.jpg,122.18675,28.275284,300.0,177.27528
10,butterfly\image_0005.jpg1.jpg,300,278,image_0005.jpg,0.0,35.337193,300.0,252.84866
11,butterfly\image_0005.jpg2.jpg,300,278,image_0005.jpg,2.3181458,55.743107,254.0711,203.42497
12,butterfly\image_0006.jpg0.jpg,300,271,image_0006.jpg,1.0,20.0,250.0,265.0
13,butterfly\image_0006.jpg1.jpg,300,271,image_0006.jpg,29.955698,64.23958,300.0,271.0
14,butterfly\image_0006.jpg2.jpg,300,271,image_0006.jpg,0.0,0.0,300.0,271.0
15,butterfly\image_0007.jpg0.jpg,300,200,image_0007.jpg,40.0,38.0,276.0,183.0
16,butterfly\image_0007.jpg1.jpg,300,200,image_0007.jpg,24.0,38.0,260.0,183.0
17,butterfly\image_0007.jpg2.jpg,300,200,image_0007.jpg,0.0,9.938327,300.0,200.0
18,butterfly\image_0008.jpg0.jpg,300,252,image_0008.jpg,0.33368602,0.0,300.0,252.0
19,butterfly\image_0008.jpg1.jpg,300,252,image_0008.jpg,0.0,0.0,300.0,252.0
20,butterfly\image_0008.jpg2.jpg,300,252,image_0008.jpg,0.0,0.0,300.0,252.0
21,butterfly\image_0009.jpg0.jpg,300,253,image_0009.jpg,11.864655,35.652004,260.86465,237.65201
22,butterfly\image_0009.jpg1.jpg,300,253,image_0009.jpg,0.0,0.0,300.0,253.0
23,butterfly\image_0009.jpg2.jpg,300,253,image_0009.jpg,27.0,29.0,276.0,231.0
24,butterfly\image_0010.jpg0.jpg,300,200,image_0010.jpg,28.010353,31.380823,260.55313,172.43135
25,butterfly\image_0010.jpg1.jpg,300,200,image_0010.jpg,34.0,28.0,278.0,176.0
26,butterfly\image_0010.jpg2.jpg,300,200,image_0010.jpg,7.7999144,0.6180467,281.63028,200.0
27,butterfly\image_0011.jpg0.jpg,300,227,image_0011.jpg,26.0,43.0,258.0,209.0
28,butterfly\image_0011.jpg1.jpg,300,227,image_0011.jpg,21.079859,25.988615,215.25507,164.92432
29,butterfly\image_0011.jpg2.jpg,300,227,image_0011.jpg,7.4645333,0.0,292.11984,227.0
30,butterfly\image_0012.jpg0.jpg,300,264,image_0012.jpg,4.0,22.0,284.0,260.0
31,butterfly\image_0012.jpg1.jpg,300,264,image_0012.jpg,0.0,22.084347,230.37997,260.08435
32,butterfly\image_0012.jpg2.jpg,300,264,image_0012.jpg,0.0,14.869396,290.76843,264.0
33,butterfly\image_0013.jpg0.jpg,295,300,image_0013.jpg,0.0,0.0,242.36081,203.9388
34,butterfly\image_0013.jpg1.jpg,295,300,image_0013.jpg,11.0,3.0,293.0,271.0
35,butterfly\image_0013.jpg2.jpg,295,300,image_0013.jpg,0.0,0.0,295.0,300.0
36,butterfly\image_0014.jpg0.jpg,300,209,image_0014.jpg,88.175476,62.3231,215.49208,136.19817
37,butterfly\image_0014.jpg1.jpg,300,209,image_0014.jpg,0.0,66.69896,237.65068,207.69896
38,butterfly\image_0014.jpg2.jpg,300,209,image_0014.jpg,25.0,24.0,268.0,165.0
39,butterfly\image_0015.jpg0.jpg,300,202,image_0015.jpg,0.0,32.193573,214.8148,189.19357
40,butterfly\image_0015.jpg1.jpg,300,202,image_0015.jpg,3.0,3.0,261.0,160.0
41,butterfly\image_0015.jpg2.jpg,300,202,image_0015.jpg,0.0,39.908005,245.93733,196.908
42,butterfly\image_0016.jpg0.jpg,300,188,image_0016.jpg,91.0,10.0,284.0,158.0
43,butterfly\image_0016.jpg1.jpg,300,188,image_0016.jpg,1.7044158,0.0,236.70284,188.0
44,butterfly\image_0016.jpg2.jpg,300,188,image_0016.jpg,0.0,35.14953,138.36926,183.14952
45,butterfly\image_0017.jpg0.jpg,297,300,image_0017.jpg,45.419384,0.0,297.0,293.89777
46,butterfly\image_0017.jpg1.jpg,297,300,image_0017.jpg,60.5671,0.0,297.0,271.98047
47,butterfly\image_0017.jpg2.jpg,297,300,image_0017.jpg,108.66215,143.96048,217.1475,269.68182
48,butterfly\image_0018.jpg0.jpg,300,278,image_0018.jpg,0.0,0.0,300.0,278.0
49,butterfly\image_0018.jpg1.jpg,300,278,image_0018.jpg,0.0,0.0,300.0,278.0
50,butterfly\image_0018.jpg2.jpg,300,278,image_0018.jpg,70.983,0.0,300.0,225.04622
51,butterfly\image_0019.jpg0.jpg,300,286,image_0019.jpg,22.54361,70.86368,232.15987,224.09308
52,butterfly\image_0019.jpg1.jpg,300,286,image_0019.jpg,4.543018,177.4409,172.73172,286.0
53,butterfly\image_0019.jpg2.jpg,300,286,image_0019.jpg,114.36293,40.565247,300.0,172.56525
54,butterfly\image_0020.jpg0.jpg,300,207,image_0020.jpg,33.0,45.0,273.0,193.0
55,butterfly\image_0020.jpg1.jpg,300,207,image_0020.jpg,6.3045654,35.15705,286.6859,207.0
56,butterfly\image_0020.jpg2.jpg,300,207,image_0020.jpg,0.0,16.088457,300.0,207.0
57,butterfly\image_0021.jpg0.jpg,300,289,image_0021.jpg,2.0,15.0,243.0,254.0
58,butterfly\image_0021.jpg1.jpg,300,289,image_0021.jpg,2.0,15.0,243.0,254.0
59,butterfly\image_0021.jpg2.jpg,300,289,image_0021.jpg,33.42346,0.0,300.0,281.75946
60,butterfly\image_0022.jpg0.jpg,300,180,image_0022.jpg,11.342403,29.500065,174.92181,155.01892
61,butterfly\image_0022.jpg1.jpg,300,180,image_0022.jpg,102.00635,5.6130733,300.0,160.61307
62,butterfly\image_0022.jpg2.jpg,300,180,image_0022.jpg,35.252144,0.0,300.0,180.0
63,butterfly\image_0023.jpg0.jpg,300,225,image_0023.jpg,37.0,51.0,229.0,183.0
64,butterfly\image_0023.jpg1.jpg,300,225,image_0023.jpg,109.56084,0.0,300.0,177.60843
65,butterfly\image_0023.jpg2.jpg,300,225,image_0023.jpg,37.0,51.0,229.0,183.0
66,butterfly\image_0024.jpg0.jpg,300,258,image_0024.jpg,0.0,0.0,238.53606,156.13342
67,butterfly\image_0024.jpg1.jpg,300,258,image_0024.jpg,44.0,6.0,294.0,232.0
68,butterfly\image_0024.jpg2.jpg,300,258,image_0024.jpg,1.1753004,0.0,300.0,258.0
69,butterfly\image_0025.jpg0.jpg,300,256,image_0025.jpg,65.22373,41.18093,300.0,236.26848
70,butterfly\image_0025.jpg1.jpg,300,256,image_0025.jpg,2.0,43.0,233.0,234.0
71,butterfly\image_0025.jpg2.jpg,300,256,image_0025.jpg,2.0,43.0,233.0,234.0
72,butterfly\image_0026.jpg0.jpg,273,300,image_0026.jpg,41.498703,56.30009,240.17722,197.71754
73,butterfly\image_0026.jpg1.jpg,273,300,image_0026.jpg,0.0,97.07013,197.19746,260.07013
74,butterfly\image_0026.jpg2.jpg,273,300,image_0026.jpg,0.0,0.0,273.0,230.53505
75,butterfly\image_0027.jpg0.jpg,300,223,image_0027.jpg,0.0,31.340042,248.45886,198.34004
76,butterfly\image_0027.jpg1.jpg,300,223,image_0027.jpg,37.9683,30.923353,262.0317,174.841
77,butterfly\image_0027.jpg2.jpg,300,223,image_0027.jpg,0.9229509,0.0,300.0,223.0
78,butterfly\image_0028.jpg0.jpg,300,225,image_0028.jpg,71.921135,65.84312,219.19183,168.0439
79,butterfly\image_0028.jpg1.jpg,300,225,image_0028.jpg,28.18158,30.356384,287.4648,210.29002
80,butterfly\image_0028.jpg2.jpg,300,225,image_0028.jpg,0.0,31.159729,174.01929,192.15973
81,butterfly\image_0029.jpg0.jpg,300,243,image_0029.jpg,62.0,59.0,244.0,210.0
82,butterfly\image_0029.jpg1.jpg,300,243,image_0029.jpg,55.718906,20.482107,237.7189,171.4821
83,butterfly\image_0029.jpg2.jpg,300,243,image_0029.jpg,62.0,59.0,244.0,210.0
84,butterfly\image_0030.jpg0.jpg,300,185,image_0030.jpg,48.0,32.0,283.0,166.0
85,butterfly\image_0030.jpg1.jpg,300,185,image_0030.jpg,48.0,32.0,283.0,166.0
86,butterfly\image_0030.jpg2.jpg,300,185,image_0030.jpg,48.0,32.0,283.0,166.0
87,butterfly\image_0031.jpg0.jpg,300,198,image_0031.jpg,0.0,0.0,244.90303,139.66484
88,butterfly\image_0031.jpg1.jpg,300,198,image_0031.jpg,40.0,3.0,288.0,182.0
89,butterfly\image_0031.jpg2.jpg,300,198,image_0031.jpg,0.0,0.0,287.69525,198.0
90,butterfly\image_0032.jpg0.jpg,300,260,image_0032.jpg,0.0,0.0,300.0,260.0
91,butterfly\image_0032.jpg1.jpg,300,260,image_0032.jpg,1.0,26.0,286.0,252.0
92,butterfly\image_0032.jpg2.jpg,300,260,image_0032.jpg,81.22798,77.40963,225.34581,191.69255
93,butterfly\image_0033.jpg0.jpg,300,243,image_0033.jpg,4.0,4.0,276.0,241.0
94,butterfly\image_0033.jpg1.jpg,300,243,image_0033.jpg,40.281113,19.182783,277.13458,225.55879
95,butterfly\image_0033.jpg2.jpg,300,243,image_0033.jpg,0.0,0.0,221.39334,171.35577
96,butterfly\image_0034.jpg0.jpg,300,214,image_0034.jpg,0.0,0.0,300.0,214.0
97,butterfly\image_0034.jpg1.jpg,300,214,image_0034.jpg,0.0,0.0,300.0,214.0
98,butterfly\image_0034.jpg2.jpg,300,214,image_0034.jpg,0.0,78.244064,253.9236,214.0
99,butterfly\image_0035.jpg0.jpg,300,255,image_0035.jpg,12.0,16.0,283.0,232.0
100,butterfly\image_0035.jpg1.jpg,300,255,image_0035.jpg,11.646217,9.308748,293.0013,238.45244
101,butterfly\image_0035.jpg2.jpg,300,255,image_0035.jpg,17.0,16.0,288.0,232.0
102,butterfly\image_0036.jpg0.jpg,300,198,image_0036.jpg,24.0,38.0,265.0,182.0
103,butterfly\image_0036.jpg1.jpg,300,198,image_0036.jpg,33.71651,0.0,290.59204,198.0
104,butterfly\image_0036.jpg2.jpg,300,198,image_0036.jpg,35.0,38.0,276.0,182.0
105,butterfly\image_0037.jpg0.jpg,300,272,image_0037.jpg,58.11542,24.342789,300.0,215.09053
106,butterfly\image_0037.jpg1.jpg,300,272,image_0037.jpg,124.2332,110.20192,300.0,272.0
107,butterfly\image_0037.jpg2.jpg,300,272,image_0037.jpg,26.798452,0.0,286.21255,238.95729
108,butterfly\image_0038.jpg0.jpg,300,277,image_0038.jpg,73.205475,0.0,300.0,67.31601
109,butterfly\image_0038.jpg1.jpg,300,277,image_0038.jpg,0.0,0.0,300.0,137.79121
110,butterfly\image_0038.jpg2.jpg,300,277,image_0038.jpg,0.0,41.836792,220.90982,152.83679
111,butterfly\image_0040.jpg0.jpg,211,300,image_0040.jpg,65.0,6.0,174.0,266.0
112,butterfly\image_0040.jpg1.jpg,211,300,image_0040.jpg,65.0,6.0,174.0,266.0
113,butterfly\image_0040.jpg2.jpg,211,300,image_0040.jpg,81.71016,0.0,190.71016,232.46898
114,butterfly\image_0041.jpg0.jpg,289,300,image_0041.jpg,97.0,51.0,234.0,283.0
115,butterfly\image_0041.jpg1.jpg,289,300,image_0041.jpg,0.0,0.0,210.20786,243.79219
116,butterfly\image_0041.jpg2.jpg,289,300,image_0041.jpg,97.0,51.0,234.0,283.0
117,butterfly\image_0042.jpg0.jpg,300,232,image_0042.jpg,13.626131,0.0,300.0,232.0
118,butterfly\image_0042.jpg1.jpg,300,232,image_0042.jpg,23.0,36.0,257.0,230.0
119,butterfly\image_0042.jpg2.jpg,300,232,image_0042.jpg,0.0,36.224945,216.51413,230.22495
120,butterfly\image_0043.jpg0.jpg,300,228,image_0043.jpg,93.687035,63.078705,209.30833,164.9213
121,butterfly\image_0043.jpg1.jpg,300,228,image_0043.jpg,56.0,29.0,249.0,199.0
122,butterfly\image_0043.jpg2.jpg,300,228,image_0043.jpg,13.963901,0.0,293.27206,228.0
123,butterfly\image_0044.jpg0.jpg,300,198,image_0044.jpg,81.4186,33.702152,235.91159,124.22539
124,butterfly\image_0044.jpg1.jpg,300,198,image_0044.jpg,108.07199,48.016388,300.0,198.0
125,butterfly\image_0044.jpg2.jpg,300,198,image_0044.jpg,10.881388,0.76646286,220.05043,123.32644
126,butterfly\image_0045.jpg0.jpg,300,271,image_0045.jpg,23.0,122.0,225.0,262.0
127,butterfly\image_0045.jpg1.jpg,300,271,image_0045.jpg,0.0,88.41711,192.09789,228.4171
128,butterfly\image_0045.jpg2.jpg,300,271,image_0045.jpg,93.07673,117.53557,216.73079,218.7483
129,butterfly\image_0046.jpg0.jpg,297,300,image_0046.jpg,75.77541,37.868176,266.52774,246.90965
130,butterfly\image_0046.jpg1.jpg,297,300,image_0046.jpg,29.0,30.0,219.0,245.0
131,butterfly\image_0046.jpg2.jpg,297,300,image_0046.jpg,145.7992,0.0,297.0,166.56657
132,butterfly\image_0047.jpg0.jpg,300,225,image_0047.jpg,40.54416,39.495575,280.54416,184.49557
133,butterfly\image_0047.jpg1.jpg,300,225,image_0047.jpg,90.06678,35.353153,300.0,180.35315
134,butterfly\image_0047.jpg2.jpg,300,225,image_0047.jpg,26.53159,77.509834,266.5316,222.50984
135,butterfly\image_0048.jpg0.jpg,300,197,image_0048.jpg,0.0,0.0,188.25816,197.0
136,butterfly\image_0048.jpg1.jpg,300,197,image_0048.jpg,8.92469,0.0,300.0,197.0
137,butterfly\image_0048.jpg2.jpg,300,197,image_0048.jpg,0.0,32.847485,300.0,197.0
138,butterfly\image_0049.jpg0.jpg,300,240,image_0049.jpg,42.209927,0.0,300.0,240.0
139,butterfly\image_0049.jpg1.jpg,300,240,image_0049.jpg,79.89868,0.0,300.0,218.66708
140,butterfly\image_0049.jpg2.jpg,300,240,image_0049.jpg,47.288147,0.0,300.0,240.0
141,butterfly\image_0050.jpg0.jpg,300,222,image_0050.jpg,2.0,7.0,297.0,218.0
142,butterfly\image_0050.jpg1.jpg,300,222,image_0050.jpg,30.499844,27.026917,268.69272,197.39539
143,butterfly\image_0050.jpg2.jpg,300,222,image_0050.jpg,0.0,0.0,286.10666,186.99913
144,butterfly\image_0051.jpg0.jpg,300,261,image_0051.jpg,46.27556,48.13982,278.1646,222.99681
145,butterfly\image_0051.jpg1.jpg,300,261,image_0051.jpg,0.0,35.889935,275.19043,242.54768
146,butterfly\image_0051.jpg2.jpg,300,261,image_0051.jpg,64.158134,76.937515,255.7061,198.25122
147,butterfly\image_0052.jpg0.jpg,300,227,image_0052.jpg,9.067655,0.0,300.0,227.0
148,butterfly\image_0052.jpg1.jpg,300,227,image_0052.jpg,1.6475298,0.0,300.0,227.0
149,butterfly\image_0052.jpg2.jpg,300,227,image_0052.jpg,0.0,0.0,241.87567,227.0
150,butterfly\image_0053.jpg0.jpg,300,240,image_0053.jpg,0.0,0.0,300.0,240.0
151,butterfly\image_0053.jpg1.jpg,300,240,image_0053.jpg,2.0,2.0,298.0,239.0
152,butterfly\image_0053.jpg2.jpg,300,240,image_0053.jpg,89.38516,19.533897,300.0,240.0
153,butterfly\image_0054.jpg0.jpg,300,300,image_0054.jpg,66.57419,1.8839923,163.98576,98.79083
154,butterfly\image_0054.jpg1.jpg,300,300,image_0054.jpg,85.08268,31.410854,282.98044,228.33478
155,butterfly\image_0054.jpg2.jpg,300,300,image_0054.jpg,45.00531,55.504772,200.88205,210.57387
156,butterfly\image_0055.jpg0.jpg,300,226,image_0055.jpg,0.0,0.0,300.0,226.0
157,butterfly\image_0055.jpg1.jpg,300,226,image_0055.jpg,0.0,0.0,300.0,226.0
158,butterfly\image_0055.jpg2.jpg,300,226,image_0055.jpg,61.934265,51.73688,237.42758,176.81575
159,butterfly\image_0056.jpg0.jpg,238,300,image_0056.jpg,54.649452,56.78559,233.17854,234.1335
160,butterfly\image_0056.jpg1.jpg,238,300,image_0056.jpg,63.981197,50.978897,202.038,199.03186
161,butterfly\image_0056.jpg2.jpg,238,300,image_0056.jpg,36.0,51.0,174.0,199.0
162,butterfly\image_0057.jpg0.jpg,300,190,image_0057.jpg,47.064453,28.440174,257.57925,162.33377
163,butterfly\image_0057.jpg1.jpg,300,190,image_0057.jpg,11.0,9.0,283.0,182.0
164,butterfly\image_0057.jpg2.jpg,300,190,image_0057.jpg,0.0,0.0,300.0,190.0
165,butterfly\image_0058.jpg0.jpg,300,225,image_0058.jpg,40.0,10.0,272.0,183.0
166,butterfly\image_0058.jpg1.jpg,300,225,image_0058.jpg,40.0,10.0,272.0,183.0
167,butterfly\image_0058.jpg2.jpg,300,225,image_0058.jpg,0.0,36.80744,228.27191,209.80745
168,butterfly\image_0059.jpg0.jpg,300,282,image_0059.jpg,0.0,0.0,300.0,282.0
169,butterfly\image_0059.jpg1.jpg,300,282,image_0059.jpg,0.0,0.0,300.0,282.0
170,butterfly\image_0059.jpg2.jpg,300,282,image_0059.jpg,0.0,0.0,300.0,282.0
171,butterfly\image_0060.jpg0.jpg,300,285,image_0060.jpg,30.0,52.0,286.0,280.0
172,butterfly\image_0060.jpg1.jpg,300,285,image_0060.jpg,0.0,31.8566,296.70947,285.0
173,butterfly\image_0060.jpg2.jpg,300,285,image_0060.jpg,0.0,91.24606,225.07126,285.0
174,butterfly\image_0061.jpg0.jpg,300,269,image_0061.jpg,35.269386,0.0,273.1598,215.66617
175,butterfly\image_0061.jpg1.jpg,300,269,image_0061.jpg,42.95404,28.661325,237.7294,183.19383
176,butterfly\image_0061.jpg2.jpg,300,269,image_0061.jpg,41.0,3.0,283.0,195.0
177,butterfly\image_0062.jpg0.jpg,300,213,image_0062.jpg,6.0,10.0,295.0,206.0
178,butterfly\image_0062.jpg1.jpg,300,213,image_0062.jpg,0.0,0.0,231.66882,178.69899
179,butterfly\image_0062.jpg2.jpg,300,213,image_0062.jpg,0.0,0.0,300.0,213.0
180,butterfly\image_0063.jpg0.jpg,299,282,image_0063.jpg,23.299105,14.247949,279.06808,270.1014
181,butterfly\image_0063.jpg1.jpg,299,282,image_0063.jpg,14.0,12.0,286.0,276.0
182,butterfly\image_0063.jpg2.jpg,299,282,image_0063.jpg,14.0,12.0,286.0,276.0
183,butterfly\image_0064.jpg0.jpg,300,275,image_0064.jpg,31.003885,0.0,300.0,196.58008
184,butterfly\image_0064.jpg1.jpg,300,275,image_0064.jpg,0.0,0.0,288.39282,275.0
185,butterfly\image_0064.jpg2.jpg,300,275,image_0064.jpg,31.0,61.0,290.0,230.0
186,butterfly\image_0065.jpg0.jpg,297,300,image_0065.jpg,44.767673,154.41248,205.62288,289.53085
187,butterfly\image_0065.jpg1.jpg,297,300,image_0065.jpg,38.0,40.0,288.0,250.0
188,butterfly\image_0065.jpg2.jpg,297,300,image_0065.jpg,38.0,40.0,288.0,250.0
189,butterfly\image_0066.jpg0.jpg,300,237,image_0066.jpg,0.0,0.0,255.09511,237.0
190,butterfly\image_0066.jpg1.jpg,300,237,image_0066.jpg,12.0,8.0,290.0,190.0
191,butterfly\image_0066.jpg2.jpg,300,237,image_0066.jpg,0.0,0.0,300.0,230.63403
192,butterfly\image_0067.jpg0.jpg,300,254,image_0067.jpg,4.0,17.0,294.0,165.0
193,butterfly\image_0067.jpg1.jpg,300,254,image_0067.jpg,0.0,0.0,273.78992,220.445
194,butterfly\image_0067.jpg2.jpg,300,254,image_0067.jpg,4.0,17.0,294.0,165.0
195,butterfly\image_0068.jpg0.jpg,300,279,image_0068.jpg,76.921524,45.914806,253.65213,173.42929
196,butterfly\image_0068.jpg1.jpg,300,279,image_0068.jpg,50.974426,12.686639,290.45465,185.47617
197,butterfly\image_0068.jpg2.jpg,300,279,image_0068.jpg,11.0,14.0,248.0,185.0
198,butterfly\image_0069.jpg0.jpg,300,231,image_0069.jpg,0.0,0.0,215.07062,231.0
199,butterfly\image_0069.jpg1.jpg,300,231,image_0069.jpg,0.47281286,0.0,277.0817,231.0
200,butterfly\image_0069.jpg2.jpg,300,231,image_0069.jpg,18.07132,0.0,296.4573,231.0
201,butterfly\image_0070.jpg0.jpg,300,225,image_0070.jpg,17.0,35.0,265.0,199.0
202,butterfly\image_0070.jpg1.jpg,300,225,image_0070.jpg,0.0,0.0,300.0,225.0
203,butterfly\image_0070.jpg2.jpg,300,225,image_0070.jpg,50.04083,45.13621,265.60495,187.68668
204,butterfly\image_0071.jpg0.jpg,300,257,image_0071.jpg,0.0,52.596184,208.7578,240.9344
205,butterfly\image_0071.jpg1.jpg,300,257,image_0071.jpg,121.61023,63.699158,300.0,221.51799
206,butterfly\image_0071.jpg2.jpg,300,257,image_0071.jpg,21.854729,18.985779,270.8746,237.1054
207,butterfly\image_0072.jpg0.jpg,300,277,image_0072.jpg,0.0,0.0,300.0,277.0
208,butterfly\image_0072.jpg1.jpg,300,277,image_0072.jpg,3.0,3.0,299.0,275.0
209,butterfly\image_0072.jpg2.jpg,300,277,image_0072.jpg,0.0,0.0,269.89157,223.02368
210,butterfly\image_0073.jpg0.jpg,300,194,image_0073.jpg,0.0,0.0,300.0,194.0
211,butterfly\image_0073.jpg1.jpg,300,194,image_0073.jpg,0.0,0.0,207.00555,140.10368
212,butterfly\image_0073.jpg2.jpg,300,194,image_0073.jpg,0.0,12.67812,238.51865,190.18945
213,butterfly\image_0074.jpg0.jpg,300,224,image_0074.jpg,0.0,0.0,287.48212,224.0
214,butterfly\image_0074.jpg1.jpg,300,224,image_0074.jpg,77.31995,28.937075,261.8155,200.6537
215,butterfly\image_0074.jpg2.jpg,300,224,image_0074.jpg,130.49313,0.0,300.0,166.64775
216,butterfly\image_0075.jpg0.jpg,300,300,image_0075.jpg,29.0,13.0,285.0,270.0
217,butterfly\image_0075.jpg1.jpg,300,300,image_0075.jpg,0.0,0.0,300.0,300.0
218,butterfly\image_0075.jpg2.jpg,300,300,image_0075.jpg,70.14113,113.44298,244.17134,288.15298
219,butterfly\image_0076.jpg0.jpg,300,225,image_0076.jpg,3.7410064,0.0,300.0,225.0
220,butterfly\image_0076.jpg1.jpg,300,225,image_0076.jpg,0.0,72.0998,245.81705,225.0
221,butterfly\image_0076.jpg2.jpg,300,225,image_0076.jpg,30.0,18.0,281.0,197.0
222,butterfly\image_0077.jpg0.jpg,295,300,image_0077.jpg,0.0,0.0,295.0,300.0
223,butterfly\image_0077.jpg1.jpg,295,300,image_0077.jpg,22.0,12.0,293.0,298.0
224,butterfly\image_0077.jpg2.jpg,295,300,image_0077.jpg,22.0,12.0,293.0,298.0
225,butterfly\image_0078.jpg0.jpg,300,300,image_0078.jpg,17.0,25.0,270.0,295.0
226,butterfly\image_0078.jpg1.jpg,300,300,image_0078.jpg,30.0,25.0,283.0,295.0
227,butterfly\image_0078.jpg2.jpg,300,300,image_0078.jpg,30.0,25.0,283.0,295.0
228,butterfly\image_0079.jpg0.jpg,300,178,image_0079.jpg,69.12075,77.91682,300.0,178.0
229,butterfly\image_0079.jpg1.jpg,300,178,image_0079.jpg,4.0,31.0,256.0,175.0
230,butterfly\image_0079.jpg2.jpg,300,178,image_0079.jpg,28.41571,40.69939,238.27353,160.61815
231,butterfly\image_0080.jpg0.jpg,300,248,image_0080.jpg,72.06679,0.0,300.0,141.91293
232,butterfly\image_0080.jpg1.jpg,300,248,image_0080.jpg,6.0,6.0,238.0,195.0
233,butterfly\image_0080.jpg2.jpg,300,248,image_0080.jpg,40.200943,0.0,300.0,212.58788
234,butterfly\image_0082.jpg0.jpg,300,218,image_0082.jpg,39.0,19.0,285.0,183.0
235,butterfly\image_0082.jpg1.jpg,300,218,image_0082.jpg,93.91288,0.0,300.0,214.47095
236,butterfly\image_0082.jpg2.jpg,300,218,image_0082.jpg,39.0,19.0,285.0,183.0
237,butterfly\image_0083.jpg0.jpg,300,300,image_0083.jpg,97.11571,32.77315,268.10825,276.0409
238,butterfly\image_0083.jpg1.jpg,300,300,image_0083.jpg,39.50659,102.956276,233.50659,300.0
239,butterfly\image_0083.jpg2.jpg,300,300,image_0083.jpg,90.0,17.0,284.0,293.0
240,butterfly\image_0084.jpg0.jpg,300,275,image_0084.jpg,163.21321,0.0,300.0,250.60188
241,butterfly\image_0084.jpg1.jpg,300,275,image_0084.jpg,41.913788,0.0,289.72083,275.0
242,butterfly\image_0084.jpg2.jpg,300,275,image_0084.jpg,2.0,7.0,211.0,268.0
243,butterfly\image_0085.jpg0.jpg,300,221,image_0085.jpg,0.0,0.0,300.0,221.0
244,butterfly\image_0085.jpg1.jpg,300,221,image_0085.jpg,3.0,2.0,296.0,220.0
245,butterfly\image_0085.jpg2.jpg,300,221,image_0085.jpg,0.0,0.0,300.0,221.0
246,butterfly\image_0086.jpg0.jpg,300,194,image_0086.jpg,57.534653,0.0,300.0,194.0
247,butterfly\image_0086.jpg1.jpg,300,194,image_0086.jpg,13.0,4.0,299.0,179.0
248,butterfly\image_0086.jpg2.jpg,300,194,image_0086.jpg,66.553566,11.007187,300.0,194.0
249,butterfly\image_0087.jpg0.jpg,300,258,image_0087.jpg,0.0,0.0,300.0,258.0
250,butterfly\image_0087.jpg1.jpg,300,258,image_0087.jpg,51.551807,0.0,300.0,177.18344
251,butterfly\image_0087.jpg2.jpg,300,258,image_0087.jpg,0.0,0.0,300.0,258.0
252,butterfly\image_0088.jpg0.jpg,300,189,image_0088.jpg,0.0,25.56159,295.85315,189.0
253,butterfly\image_0088.jpg1.jpg,300,189,image_0088.jpg,2.0,34.0,278.0,184.0
254,butterfly\image_0088.jpg2.jpg,300,189,image_0088.jpg,0.0,28.619093,289.3844,189.0
255,butterfly\image_0089.jpg0.jpg,300,209,image_0089.jpg,0.0,0.0,300.0,209.0
256,butterfly\image_0089.jpg1.jpg,300,209,image_0089.jpg,15.580017,12.14208,293.58002,203.14207
257,butterfly\image_0089.jpg2.jpg,300,209,image_0089.jpg,0.0,0.0,300.0,209.0
258,butterfly\image_0090.jpg0.jpg,300,214,image_0090.jpg,11.719882,78.09725,223.71988,214.0
259,butterfly\image_0090.jpg1.jpg,300,214,image_0090.jpg,59.0,19.0,271.0,187.0
260,butterfly\image_0090.jpg2.jpg,300,214,image_0090.jpg,0.0,0.0,175.60983,159.15451
261,butterfly\image_0091.jpg0.jpg,282,300,image_0091.jpg,18.0,44.0,281.0,289.0
262,butterfly\image_0091.jpg1.jpg,282,300,image_0091.jpg,0.0,12.481176,282.0,300.0
263,butterfly\image_0091.jpg2.jpg,282,300,image_0091.jpg,0.0,25.586573,282.0,300.0
264,cougar_face\image_0001.jpg0.jpg,300,278,image_0001.jpg,19.0,3.0,291.0,276.0
265,cougar_face\image_0001.jpg1.jpg,300,278,image_0001.jpg,0.0,0.0,300.0,278.0
266,cougar_face\image_0001.jpg2.jpg,300,278,image_0001.jpg,97.79313,80.11951,299.5567,278.0
267,cougar_face\image_0002.jpg0.jpg,300,216,image_0002.jpg,3.0,78.0,286.0,214.0
268,cougar_face\image_0002.jpg1.jpg,300,216,image_0002.jpg,0.0,50.652424,300.0,216.0
269,cougar_face\image_0002.jpg2.jpg,300,216,image_0002.jpg,3.0,78.0,286.0,214.0
270,cougar_face\image_0003.jpg0.jpg,300,268,image_0003.jpg,0.0,0.0,300.0,268.0
271,cougar_face\image_0003.jpg1.jpg,300,268,image_0003.jpg,0.0,0.0,300.0,268.0
272,cougar_face\image_0003.jpg2.jpg,300,268,image_0003.jpg,12.0,27.0,268.0,267.0
273,cougar_face\image_0004.jpg0.jpg,300,262,image_0004.jpg,0.0,0.0,300.0,262.0
274,cougar_face\image_0004.jpg1.jpg,300,262,image_0004.jpg,1.0,32.0,297.0,233.0
275,cougar_face\image_0004.jpg2.jpg,300,262,image_0004.jpg,3.0,32.0,299.0,233.0
276,cougar_face\image_0005.jpg0.jpg,300,250,image_0005.jpg,20.422716,133.14275,257.42273,250.0
277,cougar_face\image_0005.jpg1.jpg,300,250,image_0005.jpg,0.0,22.430698,215.06088,149.4307
278,cougar_face\image_0005.jpg2.jpg,300,250,image_0005.jpg,0.0,112.67364,163.75223,239.67363
279,cougar_face\image_0006.jpg0.jpg,254,300,image_0006.jpg,11.0,28.0,253.0,269.0
280,cougar_face\image_0006.jpg1.jpg,254,300,image_0006.jpg,11.0,28.0,253.0,269.0
281,cougar_face\image_0006.jpg2.jpg,254,300,image_0006.jpg,0.0,0.0,254.0,300.0
282,cougar_face\image_0007.jpg0.jpg,300,289,image_0007.jpg,88.739334,20.63008,300.0,252.63008
283,cougar_face\image_0007.jpg1.jpg,300,289,image_0007.jpg,65.69441,38.295265,300.0,289.0
284,cougar_face\image_0007.jpg2.jpg,300,289,image_0007.jpg,0.0,5.47658,300.0,289.0
285,cougar_face\image_0008.jpg0.jpg,298,300,image_0008.jpg,48.0,72.0,291.0,287.0
286,cougar_face\image_0008.jpg1.jpg,298,300,image_0008.jpg,0.0,142.67856,181.22198,300.0
287,cougar_face\image_0008.jpg2.jpg,298,300,image_0008.jpg,2.7937407,38.949505,298.0,300.0
288,cougar_face\image_0009.jpg0.jpg,300,260,image_0009.jpg,89.33661,0.0,300.0,236.49796
289,cougar_face\image_0009.jpg1.jpg,300,260,image_0009.jpg,0.0,0.0,300.0,225.34999
290,cougar_face\image_0009.jpg2.jpg,300,260,image_0009.jpg,105.0,6.0,296.0,209.0
291,cougar_face\image_0010.jpg0.jpg,300,246,image_0010.jpg,34.313927,54.565987,255.0951,211.80128
292,cougar_face\image_0010.jpg1.jpg,300,246,image_0010.jpg,1.2620612,17.212463,284.99948,228.5495
293,cougar_face\image_0010.jpg2.jpg,300,246,image_0010.jpg,33.36782,54.006317,255.95459,212.52751
294,cougar_face\image_0011.jpg0.jpg,300,272,image_0011.jpg,6.075698,79.05507,189.0757,202.05507
295,cougar_face\image_0011.jpg1.jpg,300,272,image_0011.jpg,45.11423,105.03747,252.71733,272.0
296,cougar_face\image_0011.jpg2.jpg,300,272,image_0011.jpg,24.497076,65.92678,244.34608,263.12802
297,cougar_face\image_0012.jpg0.jpg,217,300,image_0012.jpg,0.0,0.0,217.0,300.0
298,cougar_face\image_0012.jpg1.jpg,217,300,image_0012.jpg,5.0,3.0,215.0,292.0
299,cougar_face\image_0012.jpg2.jpg,217,300,image_0012.jpg,2.0,3.0,212.0,292.0
300,cougar_face\image_0013.jpg0.jpg,300,274,image_0013.jpg,64.60828,87.43697,206.72876,192.53447
301,cougar_face\image_0013.jpg1.jpg,300,274,image_0013.jpg,77.4796,73.640076,259.1623,207.99365
302,cougar_face\image_0013.jpg2.jpg,300,274,image_0013.jpg,0.0,94.86418,194.82892,274.0
303,cougar_face\image_0014.jpg0.jpg,300,225,image_0014.jpg,2.0,4.0,279.0,223.0
304,cougar_face\image_0014.jpg1.jpg,300,225,image_0014.jpg,21.0,4.0,298.0,223.0
305,cougar_face\image_0014.jpg2.jpg,300,225,image_0014.jpg,82.68304,45.37585,300.0,225.0
306,cougar_face\image_0015.jpg0.jpg,294,300,image_0015.jpg,58.16623,40.59979,243.16623,165.5998
307,cougar_face\image_0015.jpg1.jpg,294,300,image_0015.jpg,17.0,59.0,202.0,184.0
308,cougar_face\image_0015.jpg2.jpg,294,300,image_0015.jpg,17.0,59.0,202.0,184.0
309,cougar_face\image_0016.jpg0.jpg,300,264,image_0016.jpg,0.0,0.0,201.41956,258.6677
310,cougar_face\image_0016.jpg1.jpg,300,264,image_0016.jpg,0.0,0.0,212.46727,199.12785
311,cougar_face\image_0016.jpg2.jpg,300,264,image_0016.jpg,109.0,13.0,297.0,233.0
312,cougar_face\image_0017.jpg0.jpg,300,240,image_0017.jpg,0.0,63.293884,258.864,240.0
313,cougar_face\image_0017.jpg1.jpg,300,240,image_0017.jpg,6.8509135,35.9977,275.48477,240.0
314,cougar_face\image_0017.jpg2.jpg,300,240,image_0017.jpg,5.819364,42.50628,289.63126,240.0
315,cougar_face\image_0018.jpg0.jpg,300,285,image_0018.jpg,2.0,39.0,250.0,230.0
316,cougar_face\image_0018.jpg1.jpg,300,285,image_0018.jpg,0.0,15.326596,270.34402,267.613
317,cougar_face\image_0018.jpg2.jpg,300,285,image_0018.jpg,6.2372437,0.0,300.0,275.37622
318,cougar_face\image_0019.jpg0.jpg,300,300,image_0019.jpg,0.0,0.0,300.0,278.95667
319,cougar_face\image_0019.jpg1.jpg,300,300,image_0019.jpg,2.0,3.0,296.0,299.0
320,cougar_face\image_0019.jpg2.jpg,300,300,image_0019.jpg,4.0,3.0,298.0,299.0
321,cougar_face\image_0020.jpg0.jpg,269,300,image_0020.jpg,45.079933,31.669685,226.60939,236.05841
322,cougar_face\image_0020.jpg1.jpg,269,300,image_0020.jpg,128.2467,76.86513,269.0,254.13849
323,cougar_face\image_0020.jpg2.jpg,269,300,image_0020.jpg,66.0,62.0,201.0,214.0
324,cougar_face\image_0021.jpg0.jpg,300,236,image_0021.jpg,6.0,11.0,274.0,229.0
325,cougar_face\image_0021.jpg1.jpg,300,236,image_0021.jpg,0.0,0.0,300.0,236.0
326,cougar_face\image_0021.jpg2.jpg,300,236,image_0021.jpg,0.0,0.0,300.0,236.0
327,cougar_face\image_0022.jpg0.jpg,300,286,image_0022.jpg,75.73057,112.35737,220.1145,206.36273
328,cougar_face\image_0022.jpg1.jpg,300,286,image_0022.jpg,15.051778,148.78558,300.0,286.0
329,cougar_face\image_0022.jpg2.jpg,300,286,image_0022.jpg,7.0,84.0,285.0,265.0
330,cougar_face\image_0023.jpg0.jpg,300,290,image_0023.jpg,2.556942,0.0,300.0,258.4241
331,cougar_face\image_0023.jpg1.jpg,300,290,image_0023.jpg,5.5683784,18.764488,276.2355,283.74533
332,cougar_face\image_0023.jpg2.jpg,300,290,image_0023.jpg,51.971607,59.32164,235.67836,239.169
333,cougar_face\image_0024.jpg0.jpg,295,300,image_0024.jpg,0.0,0.0,295.0,300.0
334,cougar_face\image_0024.jpg1.jpg,295,300,image_0024.jpg,0.0,0.5720186,287.58875,290.71133
335,cougar_face\image_0024.jpg2.jpg,295,300,image_0024.jpg,27.983725,73.50633,269.98373,300.0
336,cougar_face\image_0025.jpg0.jpg,300,300,image_0025.jpg,40.0,51.0,248.0,251.0
337,cougar_face\image_0025.jpg1.jpg,300,300,image_0025.jpg,75.54001,74.78021,233.57755,226.73938
338,cougar_face\image_0025.jpg2.jpg,300,300,image_0025.jpg,24.878174,23.601435,290.44284,278.95206
339,cougar_face\image_0026.jpg0.jpg,280,300,image_0026.jpg,40.845734,54.928898,234.43678,231.37067
340,cougar_face\image_0026.jpg1.jpg,280,300,image_0026.jpg,0.0,0.79233897,280.0,278.9256
341,cougar_face\image_0026.jpg2.jpg,280,300,image_0026.jpg,1.9192338,73.05379,280.0,300.0
342,cougar_face\image_0027.jpg0.jpg,299,235,image_0027.jpg,19.428318,3.788193,299.0,232.95781
343,cougar_face\image_0027.jpg1.jpg,299,235,image_0027.jpg,3.5865173,8.758424,275.43283,227.12086
344,cougar_face\image_0027.jpg2.jpg,299,235,image_0027.jpg,8.0,14.0,271.0,221.0
345,cougar_face\image_0028.jpg0.jpg,300,292,image_0028.jpg,2.0,43.0,213.0,187.0
346,cougar_face\image_0028.jpg1.jpg,300,292,image_0028.jpg,2.0,43.0,213.0,187.0
347,cougar_face\image_0028.jpg2.jpg,300,292,image_0028.jpg,83.9776,38.374924,300.0,198.48468
348,cougar_face\image_0029.jpg0.jpg,300,272,image_0029.jpg,3.0,3.0,280.0,271.0
349,cougar_face\image_0029.jpg1.jpg,300,272,image_0029.jpg,27.094355,21.732191,300.0,272.0
350,cougar_face\image_0029.jpg2.jpg,300,272,image_0029.jpg,3.0,3.0,280.0,271.0
351,cougar_face\image_0030.jpg0.jpg,283,300,image_0030.jpg,6.0,7.0,280.0,289.0
352,cougar_face\image_0030.jpg1.jpg,283,300,image_0030.jpg,26.889938,36.769955,253.24829,262.916
353,cougar_face\image_0030.jpg2.jpg,283,300,image_0030.jpg,3.0,7.0,277.0,289.0
354,cougar_face\image_0031.jpg0.jpg,300,277,image_0031.jpg,0.0,0.0,300.0,256.58936
355,cougar_face\image_0031.jpg1.jpg,300,277,image_0031.jpg,7.0,40.0,290.0,252.0
356,cougar_face\image_0031.jpg2.jpg,300,277,image_0031.jpg,7.0,40.0,290.0,252.0
357,cougar_face\image_0032.jpg0.jpg,244,300,image_0032.jpg,0.0,0.0,168.75465,186.01677
358,cougar_face\image_0032.jpg1.jpg,244,300,image_0032.jpg,12.0,3.0,228.0,266.0
359,cougar_face\image_0032.jpg2.jpg,244,300,image_0032.jpg,32.630527,30.569887,208.11967,244.24417
360,cougar_face\image_0033.jpg0.jpg,258,299,image_0033.jpg,0.0,24.314478,257.7917,293.23154
361,cougar_face\image_0033.jpg1.jpg,258,299,image_0033.jpg,4.0,28.0,257.0,289.0
362,cougar_face\image_0033.jpg2.jpg,258,299,image_0033.jpg,0.0,0.0,258.0,299.0
363,cougar_face\image_0034.jpg0.jpg,285,300,image_0034.jpg,20.749249,28.880081,285.0,269.85825
364,cougar_face\image_0034.jpg1.jpg,285,300,image_0034.jpg,0.0,44.501053,252.18053,295.9458
365,cougar_face\image_0034.jpg2.jpg,285,300,image_0034.jpg,64.47108,0.0,285.0,282.51532
366,cougar_face\image_0035.jpg0.jpg,300,260,image_0035.jpg,68.521645,0.0,300.0,205.81122
367,cougar_face\image_0035.jpg1.jpg,300,260,image_0035.jpg,0.0,0.0,300.0,260.0
368,cougar_face\image_0035.jpg2.jpg,300,260,image_0035.jpg,62.755733,0.0,300.0,190.1732
369,cougar_face\image_0036.jpg0.jpg,300,290,image_0036.jpg,0.0,0.5703917,256.46176,257.5704
370,cougar_face\image_0036.jpg1.jpg,300,290,image_0036.jpg,16.0,26.0,285.0,283.0
371,cougar_face\image_0036.jpg2.jpg,300,290,image_0036.jpg,15.0,26.0,284.0,283.0
372,cougar_face\image_0037.jpg0.jpg,274,300,image_0037.jpg,16.0,29.0,254.0,271.0
373,cougar_face\image_0037.jpg1.jpg,274,300,image_0037.jpg,0.0,0.0,268.6016,231.74652
374,cougar_face\image_0037.jpg2.jpg,274,300,image_0037.jpg,0.0,0.0,274.0,300.0
375,cougar_face\image_0038.jpg0.jpg,300,288,image_0038.jpg,48.0,49.0,264.0,273.0
376,cougar_face\image_0038.jpg1.jpg,300,288,image_0038.jpg,36.0,49.0,252.0,273.0
377,cougar_face\image_0038.jpg2.jpg,300,288,image_0038.jpg,36.0,49.0,252.0,273.0
378,cougar_face\image_0039.jpg0.jpg,300,298,image_0039.jpg,17.7997,31.275372,283.00812,284.81738
379,cougar_face\image_0039.jpg1.jpg,300,298,image_0039.jpg,0.0,0.0,300.0,298.0
380,cougar_face\image_0039.jpg2.jpg,300,298,image_0039.jpg,0.0,110.98757,229.18687,298.0
381,cougar_face\image_0040.jpg0.jpg,283,300,image_0040.jpg,0.0,0.0,283.0,300.0
382,cougar_face\image_0040.jpg1.jpg,283,300,image_0040.jpg,17.434727,21.555952,264.59222,283.30936
383,cougar_face\image_0040.jpg2.jpg,283,300,image_0040.jpg,0.0,0.0,283.0,300.0
384,cougar_face\image_0041.jpg0.jpg,298,300,image_0041.jpg,2.2564442,26.283077,256.80676,256.14066
385,cougar_face\image_0041.jpg1.jpg,298,300,image_0041.jpg,0.0,27.668797,259.56274,268.57803
386,cougar_face\image_0041.jpg2.jpg,298,300,image_0041.jpg,0.0,9.495794,281.62195,300.0
387,cougar_face\image_0043.jpg0.jpg,300,300,image_0043.jpg,0.0,0.0,300.0,300.0
388,cougar_face\image_0043.jpg1.jpg,300,300,image_0043.jpg,3.0,3.0,297.0,296.0
389,cougar_face\image_0043.jpg2.jpg,300,300,image_0043.jpg,0.0,0.0,300.0,300.0
390,cougar_face\image_0044.jpg0.jpg,300,284,image_0044.jpg,12.0,13.0,249.0,235.0
391,cougar_face\image_0044.jpg1.jpg,300,284,image_0044.jpg,12.0,13.0,249.0,235.0
392,cougar_face\image_0044.jpg2.jpg,300,284,image_0044.jpg,0.0,0.0,275.21054,259.622
393,cougar_face\image_0045.jpg0.jpg,251,300,image_0045.jpg,0.0,0.0,251.0,300.0
394,cougar_face\image_0045.jpg1.jpg,251,300,image_0045.jpg,0.0,0.0,251.0,295.82364
395,cougar_face\image_0045.jpg2.jpg,251,300,image_0045.jpg,6.0,3.0,250.0,288.0
396,cougar_face\image_0046.jpg0.jpg,262,300,image_0046.jpg,41.373478,44.472,211.2302,243.2405
397,cougar_face\image_0046.jpg1.jpg,262,300,image_0046.jpg,68.782974,76.74447,186.69427,214.72578
398,cougar_face\image_0046.jpg2.jpg,262,300,image_0046.jpg,0.0,0.0,208.47554,264.77164
399,cougar_face\image_0047.jpg0.jpg,260,300,image_0047.jpg,0.36394382,96.4968,185.18146,300.0
400,cougar_face\image_0047.jpg1.jpg,260,300,image_0047.jpg,25.237118,26.798851,237.27719,274.03925
401,cougar_face\image_0047.jpg2.jpg,260,300,image_0047.jpg,56.16084,30.665445,260.0,300.0
402,cougar_face\image_0049.jpg0.jpg,269,300,image_0049.jpg,23.351727,0.0,263.3517,194.33508
403,cougar_face\image_0049.jpg1.jpg,269,300,image_0049.jpg,0.0,0.0,269.0,299.47162
404,cougar_face\image_0049.jpg2.jpg,269,300,image_0049.jpg,9.0,19.0,249.0,233.0
405,cougar_face\image_0051.jpg0.jpg,274,300,image_0051.jpg,23.397846,94.86617,242.39784,300.0
406,cougar_face\image_0051.jpg1.jpg,274,300,image_0051.jpg,25.113253,49.566227,218.05182,232.81381
407,cougar_face\image_0051.jpg2.jpg,274,300,image_0051.jpg,0.0,0.0,164.29195,182.87332
408,cougar_face\image_0052.jpg0.jpg,300,297,image_0052.jpg,0.0,0.0,300.0,297.0
409,cougar_face\image_0052.jpg1.jpg,300,297,image_0052.jpg,4.649128,10.514881,281.60147,265.86102
410,cougar_face\image_0052.jpg2.jpg,300,297,image_0052.jpg,51.527557,45.25091,258.76062,236.31683
411,cougar_face\image_0053.jpg0.jpg,300,276,image_0053.jpg,23.0,35.0,273.0,233.0
412,cougar_face\image_0053.jpg1.jpg,300,276,image_0053.jpg,75.50815,71.32761,300.0,269.3276
413,cougar_face\image_0053.jpg2.jpg,300,276,image_0053.jpg,0.0,0.0,300.0,276.0
414,cougar_face\image_0054.jpg0.jpg,300,266,image_0054.jpg,0.0,0.0,300.0,266.0
415,cougar_face\image_0054.jpg1.jpg,300,266,image_0054.jpg,4.0,10.0,295.0,261.0
416,cougar_face\image_0054.jpg2.jpg,300,266,image_0054.jpg,0.0,0.0,300.0,266.0
417,cougar_face\image_0055.jpg0.jpg,256,300,image_0055.jpg,96.55649,50.661465,256.0,274.66147
418,cougar_face\image_0055.jpg1.jpg,256,300,image_0055.jpg,38.4972,16.207153,233.18886,222.89403
419,cougar_face\image_0055.jpg2.jpg,256,300,image_0055.jpg,0.0,0.0,256.0,256.98404
420,cougar_face\image_0056.jpg0.jpg,300,266,image_0056.jpg,0.0,0.0,295.13113,266.0
421,cougar_face\image_0056.jpg1.jpg,300,266,image_0056.jpg,0.0,34.32988,300.0,266.0
422,cougar_face\image_0056.jpg2.jpg,300,266,image_0056.jpg,6.0,68.0,281.0,251.0
423,cougar_face\image_0057.jpg0.jpg,300,300,image_0057.jpg,2.0,2.0,297.0,298.0
424,cougar_face\image_0057.jpg1.jpg,300,300,image_0057.jpg,0.0,0.0,300.0,300.0
425,cougar_face\image_0057.jpg2.jpg,300,300,image_0057.jpg,0.0,0.0,300.0,300.0
426,cougar_face\image_0058.jpg0.jpg,300,300,image_0058.jpg,40.0,43.0,284.0,266.0
427,cougar_face\image_0058.jpg1.jpg,300,300,image_0058.jpg,70.13203,0.0,300.0,197.1221
428,cougar_face\image_0058.jpg2.jpg,300,300,image_0058.jpg,40.0,43.0,284.0,266.0
429,cougar_face\image_0059.jpg0.jpg,300,289,image_0059.jpg,3.0,7.0,296.0,284.0
430,cougar_face\image_0059.jpg1.jpg,300,289,image_0059.jpg,3.0,7.0,296.0,284.0
431,cougar_face\image_0059.jpg2.jpg,300,289,image_0059.jpg,0.0,0.0,281.8725,260.53265
432,cougar_face\image_0060.jpg0.jpg,300,285,image_0060.jpg,33.0,9.0,291.0,221.0
433,cougar_face\image_0060.jpg1.jpg,300,285,image_0060.jpg,38.946045,55.308464,296.94604,267.30847
434,cougar_face\image_0060.jpg2.jpg,300,285,image_0060.jpg,33.0,9.0,291.0,221.0
435,cougar_face\image_0061.jpg0.jpg,279,300,image_0061.jpg,0.0,0.0,279.0,300.0
436,cougar_face\image_0061.jpg1.jpg,279,300,image_0061.jpg,0.0,0.0,279.0,300.0
437,cougar_face\image_0061.jpg2.jpg,279,300,image_0061.jpg,0.0,0.0,279.0,300.0
438,cougar_face\image_0062.jpg0.jpg,291,300,image_0062.jpg,0.0,0.0,291.0,293.4554
439,cougar_face\image_0062.jpg1.jpg,291,300,image_0062.jpg,17.0,16.0,281.0,254.0
440,cougar_face\image_0062.jpg2.jpg,291,300,image_0062.jpg,10.0,16.0,274.0,254.0
441,cougar_face\image_0063.jpg0.jpg,217,300,image_0063.jpg,0.0,0.0,144.53906,235.38329
442,cougar_face\image_0063.jpg1.jpg,217,300,image_0063.jpg,6.0,14.0,196.0,263.0
443,cougar_face\image_0063.jpg2.jpg,217,300,image_0063.jpg,39.07907,0.0,217.0,242.44545
444,cougar_face\image_0064.jpg0.jpg,300,228,image_0064.jpg,0.0,39.932796,124.04596,228.0
445,cougar_face\image_0064.jpg1.jpg,300,228,image_0064.jpg,13.0,27.0,190.0,199.0
446,cougar_face\image_0064.jpg2.jpg,300,228,image_0064.jpg,40.993565,44.776936,181.82669,181.63173
447,cougar_face\image_0065.jpg0.jpg,300,240,image_0065.jpg,0.0,71.0082,226.6769,240.0
448,cougar_face\image_0065.jpg1.jpg,300,240,image_0065.jpg,15.094452,10.359536,300.0,240.0
449,cougar_face\image_0065.jpg2.jpg,300,240,image_0065.jpg,79.0,36.0,293.0,240.0
450,cougar_face\image_0066.jpg0.jpg,300,265,image_0066.jpg,0.0,0.0,178.66554,201.67583
451,cougar_face\image_0066.jpg1.jpg,300,265,image_0066.jpg,0.0,0.0,300.0,265.0
452,cougar_face\image_0066.jpg2.jpg,300,265,image_0066.jpg,35.216908,0.0,280.21692,196.24597
453,cougar_face\image_0067.jpg0.jpg,300,300,image_0067.jpg,3.0,59.0,227.0,192.0
454,cougar_face\image_0067.jpg1.jpg,300,300,image_0067.jpg,22.050354,10.483095,246.05035,143.4831
455,cougar_face\image_0067.jpg2.jpg,300,300,image_0067.jpg,0.0,35.44487,237.44759,248.52562
456,cougar_face\image_0068.jpg0.jpg,246,300,image_0068.jpg,0.0,0.0,246.0,288.74716
457,cougar_face\image_0068.jpg1.jpg,246,300,image_0068.jpg,25.0,32.0,223.0,251.0
458,cougar_face\image_0068.jpg2.jpg,246,300,image_0068.jpg,0.0,0.0,246.0,289.59964
459,cougar_face\image_0069.jpg0.jpg,275,300,image_0069.jpg,7.0,25.0,232.0,265.0
460,cougar_face\image_0069.jpg1.jpg,275,300,image_0069.jpg,41.702156,0.0,266.70215,222.9742
461,cougar_face\image_0069.jpg2.jpg,275,300,image_0069.jpg,0.0,0.0,224.27534,185.87912
462,elephant\image_0001.jpg0.jpg,300,225,image_0001.jpg,54.0,34.0,283.0,219.0
463,elephant\image_0001.jpg1.jpg,300,225,image_0001.jpg,0.0,83.69818,218.08649,225.0
464,elephant\image_0001.jpg2.jpg,300,225,image_0001.jpg,54.0,34.0,283.0,219.0
465,elephant\image_0002.jpg0.jpg,300,225,image_0002.jpg,88.96163,88.08978,273.96164,225.0
466,elephant\image_0002.jpg1.jpg,300,225,image_0002.jpg,101.287315,0.0,300.0,191.17262
467,elephant\image_0002.jpg2.jpg,300,225,image_0002.jpg,76.0,25.0,261.0,165.0
468,elephant\image_0003.jpg0.jpg,300,264,image_0003.jpg,0.0,0.0,283.92017,242.89859
469,elephant\image_0003.jpg1.jpg,300,264,image_0003.jpg,22.0,3.0,297.0,237.0
470,elephant\image_0003.jpg2.jpg,300,264,image_0003.jpg,0.0,0.0,300.0,264.0
471,elephant\image_0004.jpg0.jpg,300,243,image_0004.jpg,0.0,0.0,241.13882,213.38823
472,elephant\image_0004.jpg1.jpg,300,243,image_0004.jpg,53.0,13.0,265.0,215.0
473,elephant\image_0004.jpg2.jpg,300,243,image_0004.jpg,0.0,0.0,184.41751,201.49454
474,elephant\image_0005.jpg0.jpg,300,188,image_0005.jpg,0.0,0.0,300.0,188.0
475,elephant\image_0005.jpg1.jpg,300,188,image_0005.jpg,11.485874,0.0,300.0,188.0
476,elephant\image_0005.jpg2.jpg,300,188,image_0005.jpg,0.0,0.0,297.81494,188.0
477,elephant\image_0006.jpg0.jpg,300,212,image_0006.jpg,0.0,0.0,286.36768,212.0
478,elephant\image_0006.jpg1.jpg,300,212,image_0006.jpg,0.0,0.0,300.0,212.0
479,elephant\image_0006.jpg2.jpg,300,212,image_0006.jpg,0.0,0.0,298.59058,212.0
480,elephant\image_0007.jpg0.jpg,239,300,image_0007.jpg,67.0,20.0,220.0,278.0
481,elephant\image_0007.jpg1.jpg,239,300,image_0007.jpg,50.892353,38.10645,225.6099,270.8752
482,elephant\image_0007.jpg2.jpg,239,300,image_0007.jpg,4.329422,3.0567114,157.3294,261.0567
483,elephant\image_0008.jpg0.jpg,300,225,image_0008.jpg,62.574627,0.0,290.57462,163.4864
484,elephant\image_0008.jpg1.jpg,300,225,image_0008.jpg,41.04175,0.0,300.0,218.11594
485,elephant\image_0008.jpg2.jpg,300,225,image_0008.jpg,49.0,35.0,277.0,203.0
486,elephant\image_0009.jpg0.jpg,300,291,image_0009.jpg,4.0,7.0,283.0,289.0
487,elephant\image_0009.jpg1.jpg,300,291,image_0009.jpg,17.0,7.0,296.0,289.0
488,elephant\image_0009.jpg2.jpg,300,291,image_0009.jpg,10.319513,33.564224,289.31952,291.0
489,elephant\image_0010.jpg0.jpg,300,195,image_0010.jpg,0.0,1.0,267.0,159.0
490,elephant\image_0010.jpg1.jpg,300,195,image_0010.jpg,0.0,1.0,267.0,159.0
491,elephant\image_0010.jpg2.jpg,300,195,image_0010.jpg,90.9721,48.814598,225.67679,128.52748
492,elephant\image_0011.jpg0.jpg,300,152,image_0011.jpg,50.022453,52.76578,249.97754,128.80504
493,elephant\image_0011.jpg1.jpg,300,152,image_0011.jpg,8.428654,0.0,256.74808,152.0
494,elephant\image_0011.jpg2.jpg,300,152,image_0011.jpg,8.713562,0.0,300.0,152.0
495,elephant\image_0012.jpg0.jpg,253,300,image_0012.jpg,0.0,0.0,253.0,300.0
496,elephant\image_0012.jpg1.jpg,253,300,image_0012.jpg,1.3463315,0.0,253.0,300.0
497,elephant\image_0012.jpg2.jpg,253,300,image_0012.jpg,65.722305,0.0,253.0,195.40605
498,elephant\image_0013.jpg0.jpg,300,234,image_0013.jpg,43.075504,36.261093,258.37924,199.92104
499,elephant\image_0013.jpg1.jpg,300,234,image_0013.jpg,1.0,6.0,297.0,231.0
500,elephant\image_0013.jpg2.jpg,300,234,image_0013.jpg,0.0,0.0,300.0,234.0
501,elephant\image_0014.jpg0.jpg,300,263,image_0014.jpg,57.393597,79.34337,300.0,263.0
502,elephant\image_0014.jpg1.jpg,300,263,image_0014.jpg,0.0,0.0,300.0,263.0
503,elephant\image_0014.jpg2.jpg,300,263,image_0014.jpg,30.771555,0.0,300.0,263.0
504,elephant\image_0015.jpg0.jpg,300,254,image_0015.jpg,75.385124,91.24704,208.29288,199.28316
505,elephant\image_0015.jpg1.jpg,300,254,image_0015.jpg,0.0,15.723676,182.71341,232.46788
506,elephant\image_0015.jpg2.jpg,300,254,image_0015.jpg,33.95816,27.83605,124.51931,101.45008
507,elephant\image_0016.jpg0.jpg,300,225,image_0016.jpg,18.309204,45.123444,284.44272,216.89583
508,elephant\image_0016.jpg1.jpg,300,225,image_0016.jpg,16.0,46.0,281.0,216.0
509,elephant\image_0016.jpg2.jpg,300,225,image_0016.jpg,16.0,46.0,281.0,216.0
510,elephant\image_0017.jpg0.jpg,300,252,image_0017.jpg,84.90639,60.34036,227.5463,196.75392
511,elephant\image_0017.jpg1.jpg,300,252,image_0017.jpg,14.732262,54.255016,300.0,252.0
512,elephant\image_0017.jpg2.jpg,300,252,image_0017.jpg,35.0,10.0,287.0,251.0
513,elephant\image_0018.jpg0.jpg,207,300,image_0018.jpg,60.37963,34.23541,180.80588,214.48631
514,elephant\image_0018.jpg1.jpg,207,300,image_0018.jpg,35.23693,90.787735,190.23692,300.0
515,elephant\image_0018.jpg2.jpg,207,300,image_0018.jpg,52.601395,73.77998,131.89069,192.45813
516,elephant\image_0019.jpg0.jpg,298,300,image_0019.jpg,0.0,0.0,298.0,300.0
517,elephant\image_0019.jpg1.jpg,298,300,image_0019.jpg,3.0,19.0,281.0,279.0
518,elephant\image_0019.jpg2.jpg,298,300,image_0019.jpg,0.0,0.0,298.0,300.0
519,elephant\image_0020.jpg0.jpg,300,241,image_0020.jpg,0.0,0.0,300.0,241.0
520,elephant\image_0020.jpg1.jpg,300,241,image_0020.jpg,0.0,8.352024,294.9297,241.0
521,elephant\image_0020.jpg2.jpg,300,241,image_0020.jpg,19.0,23.0,276.0,226.0
522,elephant\image_0021.jpg0.jpg,300,202,image_0021.jpg,100.09548,66.04694,249.76978,112.27838
523,elephant\image_0021.jpg1.jpg,300,202,image_0021.jpg,34.762207,20.188488,296.5535,202.0
524,elephant\image_0021.jpg2.jpg,300,202,image_0021.jpg,67.01364,92.5717,234.93135,144.43817
525,elephant\image_0022.jpg0.jpg,300,209,image_0022.jpg,0.0,0.0,208.36261,146.90605
526,elephant\image_0022.jpg1.jpg,300,209,image_0022.jpg,15.009796,0.0,283.2286,209.0
527,elephant\image_0022.jpg2.jpg,300,209,image_0022.jpg,9.60419,0.0,280.78796,209.0
528,elephant\image_0023.jpg0.jpg,300,248,image_0023.jpg,74.24157,0.0,265.73505,129.00378
529,elephant\image_0023.jpg1.jpg,300,248,image_0023.jpg,91.0,42.0,243.0,164.0
530,elephant\image_0023.jpg2.jpg,300,248,image_0023.jpg,57.0,42.0,209.0,164.0
531,elephant\image_0024.jpg0.jpg,300,216,image_0024.jpg,47.185966,17.648273,219.5812,159.92628
532,elephant\image_0024.jpg1.jpg,300,216,image_0024.jpg,60.60497,30.888926,209.13966,161.58292
533,elephant\image_0024.jpg2.jpg,300,216,image_0024.jpg,0.0,18.253773,128.8567,155.25377
534,elephant\image_0025.jpg0.jpg,287,300,image_0025.jpg,33.0,54.0,242.0,293.0
535,elephant\image_0025.jpg1.jpg,287,300,image_0025.jpg,0.0,142.85262,175.86266,300.0
536,elephant\image_0025.jpg2.jpg,287,300,image_0025.jpg,33.0,54.0,242.0,293.0
537,elephant\image_0026.jpg0.jpg,198,300,image_0026.jpg,12.0,20.0,160.0,243.0
538,elephant\image_0026.jpg1.jpg,198,300,image_0026.jpg,24.897062,11.708206,195.14166,248.80388
539,elephant\image_0026.jpg2.jpg,198,300,image_0026.jpg,0.0,14.520306,198.0,277.3115
540,elephant\image_0027.jpg0.jpg,300,256,image_0027.jpg,2.0,4.0,274.0,254.0
541,elephant\image_0027.jpg1.jpg,300,256,image_0027.jpg,0.0,0.0,300.0,256.0
542,elephant\image_0027.jpg2.jpg,300,256,image_0027.jpg,39.447025,0.0,300.0,256.0
543,elephant\image_0028.jpg0.jpg,300,199,image_0028.jpg,5.0,2.0,288.0,174.0
544,elephant\image_0028.jpg1.jpg,300,199,image_0028.jpg,9.555482,32.44946,292.55548,199.0
545,elephant\image_0028.jpg2.jpg,300,199,image_0028.jpg,12.0,2.0,295.0,174.0
546,elephant\image_0029.jpg0.jpg,300,192,image_0029.jpg,57.99895,56.04867,211.99895,192.0
547,elephant\image_0029.jpg1.jpg,300,192,image_0029.jpg,81.0,28.0,235.0,182.0
548,elephant\image_0029.jpg2.jpg,300,192,image_0029.jpg,59.616833,23.693468,223.36986,187.4465
549,elephant\image_0030.jpg0.jpg,300,256,image_0030.jpg,0.0,0.0,300.0,256.0
550,elephant\image_0030.jpg1.jpg,300,256,image_0030.jpg,33.87581,125.346275,190.309,256.0
551,elephant\image_0030.jpg2.jpg,300,256,image_0030.jpg,0.0,0.0,300.0,256.0
552,elephant\image_0031.jpg0.jpg,300,225,image_0031.jpg,55.604965,11.042757,298.3182,225.0
553,elephant\image_0031.jpg1.jpg,300,225,image_0031.jpg,0.0,56.152554,184.89336,225.0
554,elephant\image_0031.jpg2.jpg,300,225,image_0031.jpg,25.69442,65.188034,225.47856,214.77002
555,elephant\image_0032.jpg0.jpg,300,260,image_0032.jpg,43.02006,0.0,300.0,176.16724
556,elephant\image_0032.jpg1.jpg,300,260,image_0032.jpg,46.427876,37.113888,272.47815,217.9541
557,elephant\image_0032.jpg2.jpg,300,260,image_0032.jpg,0.0,66.07681,223.61424,260.0
558,elephant\image_0033.jpg0.jpg,300,195,image_0033.jpg,48.670258,40.150177,244.29295,164.70132
559,elephant\image_0033.jpg1.jpg,300,195,image_0033.jpg,0.0,1.5337977,300.0,195.0
560,elephant\image_0033.jpg2.jpg,300,195,image_0033.jpg,0.0,0.0,300.0,195.0
561,elephant\image_0034.jpg0.jpg,300,225,image_0034.jpg,0.0,0.0,300.0,225.0
562,elephant\image_0034.jpg1.jpg,300,225,image_0034.jpg,15.0,14.0,282.0,202.0
563,elephant\image_0034.jpg2.jpg,300,225,image_0034.jpg,18.0,14.0,285.0,202.0
564,elephant\image_0035.jpg0.jpg,261,300,image_0035.jpg,40.0,35.0,216.0,255.0
565,elephant\image_0035.jpg1.jpg,261,300,image_0035.jpg,71.7413,70.967834,192.69489,222.1598
566,elephant\image_0035.jpg2.jpg,261,300,image_0035.jpg,0.0,8.5849085,261.0,281.4131
567,elephant\image_0036.jpg0.jpg,266,300,image_0036.jpg,9.899954,23.082897,249.4202,284.5512
568,elephant\image_0036.jpg1.jpg,266,300,image_0036.jpg,0.0,0.0,266.0,300.0
569,elephant\image_0036.jpg2.jpg,266,300,image_0036.jpg,0.0,0.0,266.0,300.0
570,elephant\image_0037.jpg0.jpg,196,300,image_0037.jpg,38.722412,41.690323,81.16809,245.8687
571,elephant\image_0037.jpg1.jpg,196,300,image_0037.jpg,31.911747,50.923473,196.0,300.0
572,elephant\image_0037.jpg2.jpg,196,300,image_0037.jpg,21.637465,42.34992,196.0,289.34366
573,elephant\image_0038.jpg0.jpg,300,221,image_0038.jpg,120.52371,78.20335,300.0,221.0
574,elephant\image_0038.jpg1.jpg,300,221,image_0038.jpg,36.229362,13.165947,295.2198,221.0
575,elephant\image_0038.jpg2.jpg,300,221,image_0038.jpg,90.31362,79.239555,300.0,221.0
576,elephant\image_0039.jpg0.jpg,300,213,image_0039.jpg,34.0,5.0,284.0,204.0
577,elephant\image_0039.jpg1.jpg,300,213,image_0039.jpg,0.0,0.0,300.0,213.0
578,elephant\image_0039.jpg2.jpg,300,213,image_0039.jpg,0.0,0.0,300.0,213.0
579,elephant\image_0040.jpg0.jpg,300,193,image_0040.jpg,0.0,0.0,243.78552,140.46106
580,elephant\image_0040.jpg1.jpg,300,193,image_0040.jpg,22.42297,52.030174,278.42297,193.0
581,elephant\image_0040.jpg2.jpg,300,193,image_0040.jpg,0.0,16.082952,285.37833,193.0
582,elephant\image_0041.jpg0.jpg,300,247,image_0041.jpg,25.0,35.0,300.0,247.0
583,elephant\image_0041.jpg1.jpg,300,247,image_0041.jpg,28.22522,51.65288,251.47897,223.76123
584,elephant\image_0041.jpg2.jpg,300,247,image_0041.jpg,101.94421,64.82761,300.0,247.0
585,elephant\image_0042.jpg0.jpg,300,267,image_0042.jpg,0.0,0.0,300.0,267.0
586,elephant\image_0042.jpg1.jpg,300,267,image_0042.jpg,47.0,16.0,284.0,249.0
587,elephant\image_0042.jpg2.jpg,300,267,image_0042.jpg,102.63542,0.0,300.0,185.57985
588,elephant\image_0043.jpg0.jpg,300,226,image_0043.jpg,28.0,19.0,284.0,211.0
589,elephant\image_0043.jpg1.jpg,300,226,image_0043.jpg,0.0,0.0,219.24583,155.98761
590,elephant\image_0043.jpg2.jpg,300,226,image_0043.jpg,68.117165,42.146328,237.65927,188.00566
591,elephant\image_0044.jpg0.jpg,300,246,image_0044.jpg,27.54998,62.191486,224.13641,222.1262
592,elephant\image_0044.jpg1.jpg,300,246,image_0044.jpg,0.0,32.202232,260.69864,246.0
593,elephant\image_0044.jpg2.jpg,300,246,image_0044.jpg,3.0,50.0,239.0,242.0
594,elephant\image_0045.jpg0.jpg,300,203,image_0045.jpg,0.0,0.0,295.11334,203.0
595,elephant\image_0045.jpg1.jpg,300,203,image_0045.jpg,0.0,0.0,207.01717,142.8772
596,elephant\image_0045.jpg2.jpg,300,203,image_0045.jpg,2.0,3.0,280.0,199.0
597,elephant\image_0046.jpg0.jpg,300,273,image_0046.jpg,0.0,0.0,300.0,273.0
598,elephant\image_0046.jpg1.jpg,300,273,image_0046.jpg,3.0,16.0,292.0,272.0
599,elephant\image_0046.jpg2.jpg,300,273,image_0046.jpg,0.0,0.0,300.0,273.0
600,elephant\image_0047.jpg0.jpg,300,258,image_0047.jpg,51.0,2.0,293.0,208.0
601,elephant\image_0047.jpg1.jpg,300,258,image_0047.jpg,0.0,0.0,276.5636,258.0
602,elephant\image_0047.jpg2.jpg,300,258,image_0047.jpg,95.55576,36.682026,300.0,242.68202
603,elephant\image_0048.jpg0.jpg,300,263,image_0048.jpg,23.0,16.0,285.0,229.0
604,elephant\image_0048.jpg1.jpg,300,263,image_0048.jpg,23.0,16.0,285.0,229.0
605,elephant\image_0048.jpg2.jpg,300,263,image_0048.jpg,15.0,16.0,277.0,229.0
606,elephant\image_0049.jpg0.jpg,300,216,image_0049.jpg,80.56435,64.06025,212.38359,151.39728
607,elephant\image_0049.jpg1.jpg,300,216,image_0049.jpg,1.3654181,0.0,286.95282,216.0
608,elephant\image_0049.jpg2.jpg,300,216,image_0049.jpg,35.0,27.0,278.0,188.0
609,elephant\image_0050.jpg0.jpg,300,212,image_0050.jpg,72.78619,57.205162,221.85175,148.89656
610,elephant\image_0050.jpg1.jpg,300,212,image_0050.jpg,5.932434,0.0,300.0,201.69469
611,elephant\image_0050.jpg2.jpg,300,212,image_0050.jpg,0.0,0.0,262.26218,212.0
612,elephant\image_0051.jpg0.jpg,300,212,image_0051.jpg,23.013369,13.631228,278.8799,212.0
613,elephant\image_0051.jpg1.jpg,300,212,image_0051.jpg,0.0,0.0,243.8261,212.0
614,elephant\image_0051.jpg2.jpg,300,212,image_0051.jpg,0.0,0.0,277.51096,212.0
615,elephant\image_0052.jpg0.jpg,300,227,image_0052.jpg,0.0,0.0,253.47302,169.24455
616,elephant\image_0052.jpg1.jpg,300,227,image_0052.jpg,18.0,11.0,300.0,217.0
617,elephant\image_0052.jpg2.jpg,300,227,image_0052.jpg,16.090363,0.0,298.09036,160.6187
618,elephant\image_0053.jpg0.jpg,300,282,image_0053.jpg,0.0,0.0,300.0,282.0
619,elephant\image_0053.jpg1.jpg,300,282,image_0053.jpg,4.0,11.0,290.0,244.0
620,elephant\image_0053.jpg2.jpg,300,282,image_0053.jpg,0.0,72.71037,224.37631,282.0
621,elephant\image_0054.jpg0.jpg,300,287,image_0054.jpg,36.0,20.0,298.0,277.0
622,elephant\image_0054.jpg1.jpg,300,287,image_0054.jpg,46.222225,37.237034,274.70413,263.3518
623,elephant\image_0054.jpg2.jpg,300,287,image_0054.jpg,0.0,0.0,300.0,287.0
624,elephant\image_0055.jpg0.jpg,300,254,image_0055.jpg,69.01691,32.666054,243.59698,212.31178
625,elephant\image_0055.jpg1.jpg,300,254,image_0055.jpg,0.0,62.63441,203.25597,254.0
626,elephant\image_0055.jpg2.jpg,300,254,image_0055.jpg,84.41431,45.653717,300.0,254.0
627,elephant\image_0056.jpg0.jpg,300,234,image_0056.jpg,27.356543,0.0,297.35654,166.36008
628,elephant\image_0056.jpg1.jpg,300,234,image_0056.jpg,5.0,5.0,275.0,223.0
629,elephant\image_0056.jpg2.jpg,300,234,image_0056.jpg,0.0,33.929436,221.05383,234.0
630,elephant\image_0057.jpg0.jpg,257,300,image_0057.jpg,0.0,0.0,257.0,287.26038
631,elephant\image_0057.jpg1.jpg,257,300,image_0057.jpg,72.0,6.0,251.0,280.0
632,elephant\image_0057.jpg2.jpg,257,300,image_0057.jpg,6.0,6.0,185.0,280.0
633,elephant\image_0058.jpg0.jpg,300,200,image_0058.jpg,59.118065,45.60351,239.55519,161.03021
634,elephant\image_0058.jpg1.jpg,300,200,image_0058.jpg,0.0,0.0,239.57262,161.37898
635,elephant\image_0058.jpg2.jpg,300,200,image_0058.jpg,0.0,0.0,300.0,200.0
636,elephant\image_0059.jpg0.jpg,300,225,image_0059.jpg,0.0,132.42548,211.49188,225.0
637,elephant\image_0059.jpg1.jpg,300,225,image_0059.jpg,0.0,0.0,231.86311,225.0
638,elephant\image_0059.jpg2.jpg,300,225,image_0059.jpg,0.0,0.0,279.5291,225.0
639,elephant\image_0060.jpg0.jpg,300,234,image_0060.jpg,56.83821,4.7667117,210.76083,234.0
640,elephant\image_0060.jpg1.jpg,300,234,image_0060.jpg,70.0,8.0,204.0,232.0
641,elephant\image_0060.jpg2.jpg,300,234,image_0060.jpg,71.792145,0.0,252.22412,234.0
642,elephant\image_0061.jpg0.jpg,300,247,image_0061.jpg,25.849916,0.0,300.0,247.0
643,elephant\image_0061.jpg1.jpg,300,247,image_0061.jpg,41.0,19.0,283.0,245.0
644,elephant\image_0061.jpg2.jpg,300,247,image_0061.jpg,19.869633,0.0,300.0,247.0
645,elephant\image_0062.jpg0.jpg,300,226,image_0062.jpg,57.0,69.0,293.0,223.0
646,elephant\image_0062.jpg1.jpg,300,226,image_0062.jpg,71.284134,88.77973,201.19284,173.55067
647,elephant\image_0062.jpg2.jpg,300,226,image_0062.jpg,62.36961,0.0,300.0,226.0
648,elephant\image_0063.jpg0.jpg,300,240,image_0063.jpg,63.0,5.0,286.0,236.0
649,elephant\image_0063.jpg1.jpg,300,240,image_0063.jpg,30.491405,0.0,157.42181,121.200455
650,elephant\image_0063.jpg2.jpg,300,240,image_0063.jpg,138.45312,0.0,300.0,176.06549
651,elephant\image_0064.jpg0.jpg,240,300,image_0064.jpg,35.426064,9.731031,233.45284,283.04926
652,elephant\image_0064.jpg1.jpg,240,300,image_0064.jpg,107.78443,0.0,240.0,195.86136
653,elephant\image_0064.jpg2.jpg,240,300,image_0064.jpg,83.53757,0.0,240.0,236.18709
